{
  "paligemma_with_expert.gemma_expert.model.layers.0.self_attn": {
    "all": [
      1.196476936340332,
      1.2407474517822266,
      1.185447335243225,
      1.2150529623031616,
      1.1775281429290771,
      1.2152243852615356,
      1.1765506267547607,
      1.2102768421173096
    ]
  },
  "paligemma_with_expert.gemma_expert.model.layers.1.self_attn": {
    "all": [
      1.1770966053009033,
      1.0,
      1.0,
      1.1900123357772827,
      1.1259759664535522,
      1.070546269416809,
      1.1346668004989624,
      1.0615094900131226
    ]
  },
  "paligemma_with_expert.gemma_expert.model.layers.2.self_attn": {
    "all": [
      1.1580560207366943,
      1.2426522970199585,
      1.096639633178711,
      1.207284688949585,
      1.0811216831207275,
      1.1068367958068848,
      1.25,
      1.0
    ]
  },
  "paligemma_with_expert.gemma_expert.model.layers.3.self_attn": {
    "all": [
      1.25,
      1.0880833864212036,
      1.1839971542358398,
      1.124576449394226,
      1.0,
      1.1479465961456299,
      1.2265877723693848,
      1.25
    ]
  },
  "paligemma_with_expert.gemma_expert.model.layers.4.self_attn": {
    "all": [
      1.25,
      1.25,
      1.25,
      1.25,
      1.25,
      1.25,
      1.25,
      1.25
    ]
  },
  "paligemma_with_expert.gemma_expert.model.layers.5.self_attn": {
    "all": [
      0.9031528234481812,
      0.9137043952941895,
      0.948107123374939,
      1.0,
      0.909831166267395,
      1.0,
      0.9418280720710754,
      0.8847020864486694
    ]
  },
  "paligemma_with_expert.gemma_expert.model.layers.6.self_attn": {
    "all": [
      1.1456636190414429,
      1.0,
      1.0,
      1.0535693168640137,
      1.0683014392852783,
      1.25,
      1.0,
      1.0997071266174316
    ]
  },
  "paligemma_with_expert.gemma_expert.model.layers.7.self_attn": {
    "all": [
      1.1910399198532104,
      1.1451492309570312,
      1.0706119537353516,
      1.143365502357483,
      1.2248729467391968,
      1.207132339477539,
      1.0977309942245483,
      1.1459702253341675
    ]
  },
  "paligemma_with_expert.gemma_expert.model.layers.8.self_attn": {
    "all": [
      1.137711763381958,
      1.1457806825637817,
      1.0,
      1.158779501914978,
      1.0560132265090942,
      1.1324495077133179,
      1.0,
      1.1366844177246094
    ]
  },
  "paligemma_with_expert.gemma_expert.model.layers.9.self_attn": {
    "all": [
      1.051427960395813,
      1.0785067081451416,
      1.0,
      1.0739113092422485,
      1.15043306350708,
      1.0,
      1.0,
      1.0
    ]
  },
  "paligemma_with_expert.gemma_expert.model.layers.10.self_attn": {
    "all": [
      1.0885941982269287,
      0.9228394031524658,
      1.1142001152038574,
      1.0502402782440186,
      1.0665136575698853,
      1.1113637685775757,
      1.0,
      1.0
    ]
  },
  "paligemma_with_expert.gemma_expert.model.layers.11.self_attn": {
    "all": [
      1.0,
      1.174101710319519,
      1.1403424739837646,
      1.2330875396728516,
      1.0,
      1.142583966255188,
      1.1997463703155518,
      1.0
    ]
  },
  "paligemma_with_expert.gemma_expert.model.layers.12.self_attn": {
    "all": [
      1.147882103919983,
      1.1439493894577026,
      1.1172666549682617,
      1.2108105421066284,
      1.0608580112457275,
      1.0,
      1.0671741962432861,
      1.0636149644851685
    ]
  },
  "paligemma_with_expert.gemma_expert.model.layers.13.self_attn": {
    "all": [
      1.1071044206619263,
      1.1026854515075684,
      1.2315014600753784,
      1.0,
      1.1274248361587524,
      1.0528860092163086,
      1.1802250146865845,
      1.0
    ]
  },
  "paligemma_with_expert.gemma_expert.model.layers.14.self_attn": {
    "all": [
      1.158576250076294,
      1.152461290359497,
      1.1856608390808105,
      1.1339563131332397,
      1.25,
      1.1049907207489014,
      1.25,
      1.1199564933776855
    ]
  },
  "paligemma_with_expert.gemma_expert.model.layers.15.self_attn": {
    "all": [
      1.183626413345337,
      1.25,
      1.25,
      1.2185074090957642,
      1.1653138399124146,
      1.1952153444290161,
      1.25,
      1.25
    ]
  },
  "paligemma_with_expert.gemma_expert.model.layers.16.self_attn": {
    "all": [
      1.25,
      1.25,
      1.25,
      1.1921361684799194,
      1.25,
      1.25,
      1.25,
      1.25
    ]
  },
  "paligemma_with_expert.gemma_expert.model.layers.17.self_attn": {
    "all": [
      1.25,
      1.25,
      1.25,
      1.25,
      1.25,
      1.25,
      1.25,
      1.25
    ]
  }
}