{
  "paligemma_with_expert.gemma_expert.model.layers.0.self_attn": {
    "all": [
      1.0,
      1.0,
      1.0,
      1.0,
      1.0,
      1.0,
      1.0,
      1.0
    ]
  },
  "paligemma_with_expert.gemma_expert.model.layers.1.self_attn": {
    "all": [
      0.800000011920929,
      0.800000011920929,
      0.800000011920929,
      0.800000011920929,
      0.800000011920929,
      0.800000011920929,
      0.800000011920929,
      0.846704363822937
    ]
  },
  "paligemma_with_expert.gemma_expert.model.layers.2.self_attn": {
    "all": [
      1.0,
      1.0,
      1.0,
      1.0,
      0.8465821146965027,
      0.9344372153282166,
      1.0,
      0.8850093483924866
    ]
  },
  "paligemma_with_expert.gemma_expert.model.layers.3.self_attn": {
    "all": [
      1.1015557050704956,
      1.0,
      1.0,
      1.0,
      0.8229616284370422,
      1.0,
      1.0,
      1.1495989561080933
    ]
  },
  "paligemma_with_expert.gemma_expert.model.layers.4.self_attn": {
    "all": [
      1.0651618242263794,
      1.1393659114837646,
      1.1036810874938965,
      1.1110877990722656,
      1.1168782711029053,
      1.0,
      1.0696765184402466,
      0.9075029492378235
    ]
  },
  "paligemma_with_expert.gemma_expert.model.layers.5.self_attn": {
    "all": [
      0.800000011920929,
      0.800000011920929,
      0.800000011920929,
      0.800000011920929,
      0.800000011920929,
      0.8805190920829773,
      0.800000011920929,
      0.800000011920929
    ]
  },
  "paligemma_with_expert.gemma_expert.model.layers.6.self_attn": {
    "all": [
      1.0,
      0.8222145438194275,
      0.8648251295089722,
      0.8906784653663635,
      0.8973494172096252,
      1.0849735736846924,
      0.8208742141723633,
      1.0
    ]
  },
  "paligemma_with_expert.gemma_expert.model.layers.7.self_attn": {
    "all": [
      1.0,
      0.8659653067588806,
      0.8278377652168274,
      0.9305742979049683,
      1.0,
      1.0,
      0.8821293115615845,
      0.9019118547439575
    ]
  },
  "paligemma_with_expert.gemma_expert.model.layers.8.self_attn": {
    "all": [
      0.9304772615432739,
      1.0,
      1.0,
      0.9380014538764954,
      0.8675385117530823,
      0.817306399345398,
      0.9017941951751709,
      0.8841314911842346
    ]
  },
  "paligemma_with_expert.gemma_expert.model.layers.9.self_attn": {
    "all": [
      0.9113501310348511,
      0.9210776090621948,
      0.8697009086608887,
      0.8870996832847595,
      0.8746200203895569,
      0.9334266781806946,
      0.8494071364402771,
      0.8309906125068665
    ]
  },
  "paligemma_with_expert.gemma_expert.model.layers.10.self_attn": {
    "all": [
      0.8573840856552124,
      0.800000011920929,
      0.8787084221839905,
      0.8505755066871643,
      0.8701514601707458,
      1.0,
      0.9029848575592041,
      0.8359017968177795
    ]
  },
  "paligemma_with_expert.gemma_expert.model.layers.11.self_attn": {
    "all": [
      0.8782266974449158,
      1.0,
      0.886806309223175,
      1.0,
      0.9445425868034363,
      0.907404899597168,
      1.0,
      0.9136094450950623
    ]
  },
  "paligemma_with_expert.gemma_expert.model.layers.12.self_attn": {
    "all": [
      1.0,
      1.0,
      1.0,
      1.0,
      1.0,
      0.9000093936920166,
      0.9291196465492249,
      1.0
    ]
  },
  "paligemma_with_expert.gemma_expert.model.layers.13.self_attn": {
    "all": [
      0.8775809407234192,
      0.9173503518104553,
      0.9062830805778503,
      0.8055037260055542,
      1.0,
      0.8767074346542358,
      0.8641312718391418,
      0.8519096374511719
    ]
  },
  "paligemma_with_expert.gemma_expert.model.layers.14.self_attn": {
    "all": [
      0.9105401635169983,
      0.8638793230056763,
      0.9270440936088562,
      0.8346078395843506,
      0.92856365442276,
      0.9216525554656982,
      0.929852306842804,
      0.9118098616600037
    ]
  },
  "paligemma_with_expert.gemma_expert.model.layers.15.self_attn": {
    "all": [
      0.9144046902656555,
      1.0,
      0.9201890230178833,
      0.9301234483718872,
      0.8410119414329529,
      0.9031224250793457,
      1.0,
      1.0
    ]
  },
  "paligemma_with_expert.gemma_expert.model.layers.16.self_attn": {
    "all": [
      1.0,
      1.0941007137298584,
      1.0614981651306152,
      0.945434033870697,
      1.0,
      1.0614739656448364,
      1.062701940536499,
      1.0651837587356567
    ]
  },
  "paligemma_with_expert.gemma_expert.model.layers.17.self_attn": {
    "all": [
      1.206817388534546,
      1.25,
      1.0892292261123657,
      1.179502010345459,
      1.2112078666687012,
      1.140149712562561,
      1.1520843505859375,
      1.153754472732544
    ]
  }
}