{
  "paligemma_with_expert.gemma_expert.model.layers.0.self_attn": {
    "all": [
      1.185408353805542,
      1.2267704010009766,
      1.2275245189666748,
      1.2156145572662354,
      1.1692771911621094,
      1.1879669427871704,
      1.1922293901443481,
      1.2010936737060547
    ]
  },
  "paligemma_with_expert.gemma_expert.model.layers.1.self_attn": {
    "all": [
      1.1489912271499634,
      1.098991870880127,
      1.0,
      1.25,
      1.25,
      1.1171718835830688,
      1.14067804813385,
      1.0
    ]
  },
  "paligemma_with_expert.gemma_expert.model.layers.2.self_attn": {
    "all": [
      1.1006934642791748,
      1.25,
      1.1181620359420776,
      1.1672154664993286,
      1.1400619745254517,
      1.065447449684143,
      1.25,
      1.0544346570968628
    ]
  },
  "paligemma_with_expert.gemma_expert.model.layers.3.self_attn": {
    "all": [
      1.25,
      1.1278231143951416,
      1.1771150827407837,
      1.148973822593689,
      1.0,
      1.1408146619796753,
      1.2215349674224854,
      1.2499070167541504
    ]
  },
  "paligemma_with_expert.gemma_expert.model.layers.4.self_attn": {
    "all": [
      1.25,
      1.25,
      1.25,
      1.25,
      1.25,
      1.2482457160949707,
      1.25,
      1.25
    ]
  },
  "paligemma_with_expert.gemma_expert.model.layers.5.self_attn": {
    "all": [
      0.9458783268928528,
      1.0,
      1.0,
      1.0548208951950073,
      0.9202133417129517,
      1.0,
      1.0,
      0.8985189199447632
    ]
  },
  "paligemma_with_expert.gemma_expert.model.layers.6.self_attn": {
    "all": [
      1.1234946250915527,
      1.0685551166534424,
      1.0,
      1.0,
      1.0,
      1.121103286743164,
      1.0595483779907227,
      1.0890125036239624
    ]
  },
  "paligemma_with_expert.gemma_expert.model.layers.7.self_attn": {
    "all": [
      1.2295290231704712,
      1.2236123085021973,
      1.0,
      1.0987827777862549,
      1.1695799827575684,
      1.1586068868637085,
      1.2260161638259888,
      1.0
    ]
  },
  "paligemma_with_expert.gemma_expert.model.layers.8.self_attn": {
    "all": [
      1.0563489198684692,
      1.0839052200317383,
      1.0,
      1.09478759765625,
      1.0633738040924072,
      1.1474411487579346,
      1.0828591585159302,
      1.1110005378723145
    ]
  },
  "paligemma_with_expert.gemma_expert.model.layers.9.self_attn": {
    "all": [
      1.0614604949951172,
      1.0881831645965576,
      1.0915167331695557,
      1.1339938640594482,
      1.20002281665802,
      1.0,
      1.0725505352020264,
      1.0
    ]
  },
  "paligemma_with_expert.gemma_expert.model.layers.10.self_attn": {
    "all": [
      1.1207022666931152,
      0.9439669847488403,
      1.1547049283981323,
      1.0,
      1.2444976568222046,
      1.2449822425842285,
      1.141061544418335,
      1.0723994970321655
    ]
  },
  "paligemma_with_expert.gemma_expert.model.layers.11.self_attn": {
    "all": [
      1.0,
      1.1644463539123535,
      1.219585657119751,
      1.213437557220459,
      1.0,
      1.1567109823226929,
      1.2090023756027222,
      1.08887779712677
    ]
  },
  "paligemma_with_expert.gemma_expert.model.layers.12.self_attn": {
    "all": [
      1.0,
      1.0,
      1.0,
      1.0,
      1.0,
      1.061509370803833,
      1.0,
      1.0
    ]
  },
  "paligemma_with_expert.gemma_expert.model.layers.13.self_attn": {
    "all": [
      1.0691876411437988,
      1.1250203847885132,
      1.25,
      1.0640759468078613,
      1.067991018295288,
      1.108320951461792,
      1.238919734954834,
      1.0
    ]
  },
  "paligemma_with_expert.gemma_expert.model.layers.14.self_attn": {
    "all": [
      1.2263431549072266,
      1.1266107559204102,
      1.1798851490020752,
      1.25,
      1.25,
      1.1402559280395508,
      1.25,
      1.074961543083191
    ]
  },
  "paligemma_with_expert.gemma_expert.model.layers.15.self_attn": {
    "all": [
      1.2057660818099976,
      1.25,
      1.25,
      1.2226266860961914,
      1.106220006942749,
      1.25,
      1.25,
      1.25
    ]
  },
  "paligemma_with_expert.gemma_expert.model.layers.16.self_attn": {
    "all": [
      1.25,
      1.25,
      1.25,
      1.208266258239746,
      1.25,
      1.25,
      1.25,
      1.25
    ]
  },
  "paligemma_with_expert.gemma_expert.model.layers.17.self_attn": {
    "all": [
      1.25,
      1.25,
      1.25,
      1.25,
      1.25,
      1.25,
      1.25,
      1.25
    ]
  }
}