{
  "paligemma_with_expert.gemma_expert.model.layers.0.self_attn": {
    "all": [
      1.216674566268921,
      1.2353944778442383,
      1.2167736291885376,
      1.2153091430664062,
      1.1780539751052856,
      1.1858410835266113,
      1.2062652111053467,
      1.2046822309494019
    ]
  },
  "paligemma_with_expert.gemma_expert.model.layers.1.self_attn": {
    "all": [
      1.2488681077957153,
      1.1463834047317505,
      1.061991572380066,
      1.25,
      1.25,
      1.0658776760101318,
      1.2373207807540894,
      1.0559868812561035
    ]
  },
  "paligemma_with_expert.gemma_expert.model.layers.2.self_attn": {
    "all": [
      1.132196307182312,
      1.25,
      1.0,
      1.2036771774291992,
      1.1511915922164917,
      1.085677981376648,
      1.25,
      1.069102168083191
    ]
  },
  "paligemma_with_expert.gemma_expert.model.layers.3.self_attn": {
    "all": [
      1.2266875505447388,
      1.0829347372055054,
      1.1747126579284668,
      1.1490399837493896,
      1.0,
      1.1383209228515625,
      1.1871795654296875,
      1.210688591003418
    ]
  },
  "paligemma_with_expert.gemma_expert.model.layers.4.self_attn": {
    "all": [
      1.25,
      1.25,
      1.25,
      1.25,
      1.25,
      1.2166922092437744,
      1.25,
      1.25
    ]
  },
  "paligemma_with_expert.gemma_expert.model.layers.5.self_attn": {
    "all": [
      1.0,
      1.0,
      1.0,
      1.0813356637954712,
      0.8745892643928528,
      1.0,
      1.0,
      1.0
    ]
  },
  "paligemma_with_expert.gemma_expert.model.layers.6.self_attn": {
    "all": [
      1.2001070976257324,
      1.1136327981948853,
      1.0,
      1.0,
      1.0546526908874512,
      1.2113327980041504,
      1.0,
      1.1055889129638672
    ]
  },
  "paligemma_with_expert.gemma_expert.model.layers.7.self_attn": {
    "all": [
      1.211343765258789,
      1.1788437366485596,
      1.0,
      1.1296050548553467,
      1.1386693716049194,
      1.1302522420883179,
      1.1485093832015991,
      1.0536948442459106
    ]
  },
  "paligemma_with_expert.gemma_expert.model.layers.8.self_attn": {
    "all": [
      1.0,
      1.1233609914779663,
      1.0537068843841553,
      1.1266262531280518,
      1.1312037706375122,
      1.25,
      1.2131863832473755,
      1.0918505191802979
    ]
  },
  "paligemma_with_expert.gemma_expert.model.layers.9.self_attn": {
    "all": [
      1.0,
      1.0,
      1.0,
      1.11008620262146,
      1.1342436075210571,
      0.9099432229995728,
      1.0,
      0.9247787594795227
    ]
  },
  "paligemma_with_expert.gemma_expert.model.layers.10.self_attn": {
    "all": [
      1.1075079441070557,
      0.8966362476348877,
      1.1660178899765015,
      1.0561994314193726,
      1.1097049713134766,
      1.2436450719833374,
      1.1441513299942017,
      1.0
    ]
  },
  "paligemma_with_expert.gemma_expert.model.layers.11.self_attn": {
    "all": [
      0.9231204390525818,
      1.1259278059005737,
      1.1815706491470337,
      1.2067217826843262,
      1.0,
      1.112830400466919,
      1.2110495567321777,
      1.0
    ]
  },
  "paligemma_with_expert.gemma_expert.model.layers.12.self_attn": {
    "all": [
      1.0800591707229614,
      1.0783631801605225,
      1.0,
      1.1754871606826782,
      1.0,
      1.0539547204971313,
      1.0,
      1.0
    ]
  },
  "paligemma_with_expert.gemma_expert.model.layers.13.self_attn": {
    "all": [
      1.100640058517456,
      1.0,
      1.25,
      1.0,
      1.0,
      1.0,
      1.2008694410324097,
      1.0
    ]
  },
  "paligemma_with_expert.gemma_expert.model.layers.14.self_attn": {
    "all": [
      1.25,
      1.25,
      1.2252086400985718,
      1.2269423007965088,
      1.25,
      1.10187828540802,
      1.25,
      1.1916874647140503
    ]
  },
  "paligemma_with_expert.gemma_expert.model.layers.15.self_attn": {
    "all": [
      1.1647690534591675,
      1.25,
      1.25,
      1.240057349205017,
      1.1842561960220337,
      1.2018898725509644,
      1.25,
      1.25
    ]
  },
  "paligemma_with_expert.gemma_expert.model.layers.16.self_attn": {
    "all": [
      1.25,
      1.25,
      1.25,
      1.2466570138931274,
      1.25,
      1.25,
      1.25,
      1.25
    ]
  },
  "paligemma_with_expert.gemma_expert.model.layers.17.self_attn": {
    "all": [
      1.25,
      1.25,
      1.25,
      1.25,
      1.25,
      1.25,
      1.25,
      1.25
    ]
  }
}