{
  "paligemma_with_expert.gemma_expert.model.layers.0.self_attn": {
    "all": [
      1.0,
      1.0,
      1.0,
      1.0,
      1.0,
      1.0,
      1.0,
      1.0
    ]
  },
  "paligemma_with_expert.gemma_expert.model.layers.1.self_attn": {
    "all": [
      1.0,
      1.0,
      1.0,
      0.9477882981300354,
      1.0,
      1.0,
      1.0,
      1.0
    ]
  },
  "paligemma_with_expert.gemma_expert.model.layers.2.self_attn": {
    "all": [
      1.0,
      1.0,
      1.0,
      1.0720295906066895,
      0.8588438630104065,
      1.0552363395690918,
      1.063873529434204,
      0.9120384454727173
    ]
  },
  "paligemma_with_expert.gemma_expert.model.layers.3.self_attn": {
    "all": [
      1.105331540107727,
      1.0,
      1.0,
      1.0,
      0.8707472085952759,
      1.0,
      1.0853004455566406,
      1.1606056690216064
    ]
  },
  "paligemma_with_expert.gemma_expert.model.layers.4.self_attn": {
    "all": [
      1.0601664781570435,
      1.1166709661483765,
      1.0806374549865723,
      1.0754338502883911,
      1.079840898513794,
      1.0,
      1.0,
      1.0
    ]
  },
  "paligemma_with_expert.gemma_expert.model.layers.5.self_attn": {
    "all": [
      0.8684443235397339,
      0.9387244582176208,
      0.9064140915870667,
      0.9057279229164124,
      0.8838008642196655,
      0.9405704736709595,
      0.8899576663970947,
      0.880581259727478
    ]
  },
  "paligemma_with_expert.gemma_expert.model.layers.6.self_attn": {
    "all": [
      1.0,
      0.9358373284339905,
      0.9278599619865417,
      0.918400764465332,
      1.0,
      1.0988984107971191,
      1.0,
      1.0604465007781982
    ]
  },
  "paligemma_with_expert.gemma_expert.model.layers.7.self_attn": {
    "all": [
      1.0,
      0.9205968976020813,
      0.9117072224617004,
      0.9475288391113281,
      1.0,
      1.0,
      0.9223159551620483,
      1.0
    ]
  },
  "paligemma_with_expert.gemma_expert.model.layers.8.self_attn": {
    "all": [
      0.9464549422264099,
      1.0,
      1.0833162069320679,
      1.0,
      0.9270564913749695,
      0.9234865307807922,
      1.0,
      0.9076873064041138
    ]
  },
  "paligemma_with_expert.gemma_expert.model.layers.9.self_attn": {
    "all": [
      0.9079971313476562,
      0.9266579151153564,
      0.9024820327758789,
      0.9252139329910278,
      0.9473351240158081,
      1.0,
      0.9017594456672668,
      0.852479100227356
    ]
  },
  "paligemma_with_expert.gemma_expert.model.layers.10.self_attn": {
    "all": [
      1.0,
      0.860795795917511,
      0.9474084377288818,
      0.932525098323822,
      0.8848246335983276,
      1.0,
      1.0,
      0.8578644394874573
    ]
  },
  "paligemma_with_expert.gemma_expert.model.layers.11.self_attn": {
    "all": [
      0.9090691208839417,
      1.0,
      0.8825306296348572,
      0.9456978440284729,
      1.0,
      0.9215709567070007,
      1.0,
      1.0
    ]
  },
  "paligemma_with_expert.gemma_expert.model.layers.12.self_attn": {
    "all": [
      1.0603349208831787,
      1.0,
      0.9468687772750854,
      1.0779057741165161,
      1.0,
      0.9188673496246338,
      1.0,
      0.94670569896698
    ]
  },
  "paligemma_with_expert.gemma_expert.model.layers.13.self_attn": {
    "all": [
      0.9386165142059326,
      1.0,
      0.9271299839019775,
      0.8538124561309814,
      1.0,
      0.9089890122413635,
      0.9067437648773193,
      0.9240573048591614
    ]
  },
  "paligemma_with_expert.gemma_expert.model.layers.14.self_attn": {
    "all": [
      1.0,
      0.9347671866416931,
      1.0,
      0.9161380529403687,
      1.0,
      0.9159145355224609,
      0.9239026308059692,
      1.0
    ]
  },
  "paligemma_with_expert.gemma_expert.model.layers.15.self_attn": {
    "all": [
      0.9209078550338745,
      1.0600823163986206,
      1.0,
      1.0,
      1.0,
      0.9174433350563049,
      1.0,
      1.0
    ]
  },
  "paligemma_with_expert.gemma_expert.model.layers.16.self_attn": {
    "all": [
      1.0,
      1.1143311262130737,
      1.0850064754486084,
      1.0,
      1.0,
      1.0549290180206299,
      1.0711493492126465,
      1.095068335533142
    ]
  },
  "paligemma_with_expert.gemma_expert.model.layers.17.self_attn": {
    "all": [
      1.104647159576416,
      1.2041090726852417,
      1.0,
      1.0625227689743042,
      1.1178005933761597,
      1.052342414855957,
      1.098199486732483,
      1.0
    ]
  }
}